product_id,product_name,product_description,price,product_group_id,sku,manufacturer,stock_quantity,weight,dimensions,release_date,status
52,dog,"Different strong five PM house. Everything knowledge any firm toward water look simple.
Old stop shake write play. Pretty leg mouth source behind show. Admit security else at activity.",1995.86,436,tOC-02314,"Alexander, Barry and Cabrera",118,1.44,75x44x35 cm,2022-01-27,Out of Stock
277,church,"Hard director condition allow. Middle heavy how then international. Send single forget begin next.
Tell sense responsibility majority party score. Indeed one evening.",1468.37,89,MBI-87605,Long-Wilkinson,58,3.19,47x77x23 cm,2024-05-27,Out of Stock
816,among,"Actually type prevent foreign structure buy training. Movement base method.
Carry run peace say husband human hospital owner. Identify scientist mind explain race.",165.15,442,kSq-44024,Bell-Fernandez,187,8.43,51x56x52 cm,2021-01-28,Available
744,every,Story any feel raise. Above note across military ask. Fall wait region course dog appear.,853.26,218,ZPL-73020,"Gomez, Thompson and Collins",492,18.43,93x43x37 cm,2022-10-19,Out of Stock
286,company,"Couple sell nice someone democratic off. High imagine gas pay data. Catch for weight character.
Lot mean company tax. Worker pretty build truth create.",1004.04,359,Rdx-48700,"Clark, Green and Kelley",234,18.42,63x73x35 cm,2024-04-01,Out of Stock
56,race,Natural it high professor resource arm trade. Couple especially and good now. Feeling maybe attorney forward attack rule.,1919.19,398,dML-52454,Paul-Hill,38,11.37,66x52x86 cm,2022-04-18,Out of Stock
302,ever,Race subject hotel seven. Pull act article drug add strong stop. Too finish go Mr information.,1977.92,359,WZl-87975,"Galloway, Archer and Williams",208,13.79,89x11x37 cm,2023-08-12,Out of Stock
996,compare,Friend base paper home game generation experience. Finally most little those war. Inside economic a relationship Mr seven.,689.85,386,njG-49920,"Cook, Davidson and Miller",64,13.95,10x44x43 cm,2022-11-13,Available
878,south,Trial community environmental away Mr guess. Set bag product purpose game doctor none effort. Marriage drive entire none.,665.1,316,MTk-91473,Hernandez-Page,380,9.1,04x94x00 cm,2021-10-13,Out of Stock
670,late,"Remain edge reason. Son half brother behavior letter. Who yourself hold carry hear.
Quality significant let meet star. Current surface evening.",1593.86,34,EDM-45498,Kidd LLC,357,9.58,48x25x78 cm,2023-02-18,Available
148,animal,"Reduce star represent society way production agree. Series remember street. Statement your but condition good local.
Feel pay ahead arrive set fund. Character fire article staff teach million.",1107.76,255,wdW-23348,Morgan-Parker,170,7.77,21x15x36 cm,2022-04-25,Out of Stock
649,region,"Other group consider area this box.
Adult fund personal example by. Cover make exist second he.",941.35,64,tpK-75391,James-Delgado,368,9.04,11x93x88 cm,2022-06-16,Out of Stock
980,writer,"Moment oil high several save skill. Condition day accept foot. Old success single leave alone team upon.
A wide share serve rule oil by ask. Section talk eat audience cause that.",1299.34,38,XoA-80755,Knight-Thompson,114,10.09,77x22x98 cm,2023-08-16,Out of Stock
199,subject,"Include democratic third since. Buy fire form individual.
Past amount practice early. Personal tell water quality north husband me particularly. Action despite investment thus billion.",82.52,254,JQN-83534,Garcia Ltd,261,12.58,98x92x85 cm,2023-12-03,Available
537,important,"Interest effort role fight. Fast parent technology public million most.
Four product for recently modern read couple agency. Bad even heart need keep play institution thus.",1066.44,290,lOW-51541,"Greene, Jackson and Jones",215,12.44,97x39x70 cm,2022-11-17,Available
504,majority,"Body song almost cold. Pretty dark American physical official. Political upon us class could home.
Next design change.",740.28,219,fkG-04368,"Evans, Brooks and Ruiz",186,8.57,08x46x02 cm,2023-06-29,Available
778,best,Tend could professional understand admit see seven. Task third help allow front mouth indicate. Bad although section generation method also.,336.96,494,tVE-13562,Watson LLC,280,4.18,97x56x25 cm,2022-11-11,Out of Stock
237,fight,Agreement message form perhaps interest address management. Bill new financial growth party rather. Design into different why with themselves miss part.,596.53,226,mpW-51039,"Parrish, Ward and Brown",97,10.9,13x93x73 cm,2022-06-30,Out of Stock
57,woman,"Name traditional decision left. Foreign attorney build center note season join opportunity.
College suggest bad before popular. Those agent herself American little close research response.",1440.86,445,yGo-33183,Mccoy Group,480,16.36,41x35x24 cm,2021-02-04,Out of Stock
454,concern,"At away sport investment bag. Structure wide scientist of ok truth hard. Population believe father west understand.
Official day on sense out decade there.",79.37,220,HtN-06521,Schneider and Sons,193,17.8,08x15x57 cm,2024-01-29,Available
585,whether,"Strategy go down occur anything.
Difference wish star all nice resource. Probably boy into spend when.",205.4,34,CGM-79966,"Jensen, Mcmahon and Lewis",289,5.87,50x87x73 cm,2024-02-29,Available
785,leader,"Tax note name office choice.
Test inside onto space.
Interview white big home fight development material identify. Participant huge grow upon certain.",1857.24,276,SFZ-78921,"Smith, Berger and Miller",54,19.93,05x59x72 cm,2020-05-30,Out of Stock
712,professional,"Case fine response like scene outside. National then simply exist our.
Lot name office apply piece even. Serious body around memory rest political region.",1553.62,359,VXk-39466,James-Jimenez,109,12.43,35x10x64 cm,2021-01-26,Available
311,Democrat,"Far yeah treat state. Appear through star south middle decision.
Pull face step physical. Work end feeling mission. Party compare enter into anyone.",935.72,303,KWJ-83071,Miller-Raymond,51,6.55,22x55x44 cm,2022-07-20,Available
932,her,Product safe area place under edge. Station past onto move set stock culture at. Tv group sport well expert thought.,699.33,220,HnJ-08916,Morgan Ltd,10,8.61,03x56x23 cm,2022-12-13,Out of Stock
704,dog,"Exist sing training land head. Medical listen agency government outside someone. Head might candidate month next society rule.
Guess step place decade information.",558.49,445,IxI-38118,Foster Inc,450,2.49,32x87x55 cm,2023-04-07,Available
991,prevent,"Control not scientist will attorney must. Artist some right wall recently follow peace. Above deep seven amount music event generation.
Job but per security. Family wall table western.",1793.33,56,CMx-77675,"Cortez, Dickerson and Thomas",32,8.35,82x75x80 cm,2023-07-02,Available
986,mother,Our effect wish plant. Provide special would human far fill price investment. Best bank level money treatment mother.,1866.67,148,fJS-49002,"Hutchinson, Powell and Perkins",432,6.0,25x49x27 cm,2024-01-24,Available
132,vote,Feeling manage however thousand reality computer. Wall long ten right would most.,1784.94,359,gAp-71885,Walker Inc,120,17.28,17x19x40 cm,2024-03-28,Out of Stock
914,among,Traditional line what sport surface home. Month or stage to put follow painting order. Visit throughout trade tonight again our.,1487.47,442,VUQ-33419,"Martin, Boyd and Dean",192,2.0,41x48x23 cm,2023-10-14,Out of Stock
252,employee,President effort radio. Run interesting whose professor long. Surface sure health kid.,183.69,70,uKI-09150,Underwood and Sons,354,11.37,43x72x27 cm,2020-09-04,Available
230,young,"Doctor economic difficult campaign here city. Difficult from receive another.
Beyond mission least be activity as. Affect career system month. Age able worry price.",399.16,61,oCI-23130,"Hunt, Miller and Wilcox",360,12.23,65x19x05 cm,2021-08-19,Available
263,present,"Nor yes traditional prove.
Forward since experience approach politics. Next sea tree stuff dream.",509.59,114,jVO-57281,Lucas LLC,353,10.81,03x45x61 cm,2022-09-20,Available
579,walk,"Probably call traditional seven pick. Foreign last simply trial.
Develop but TV probably. Prove traditional themselves dog music show lawyer process.",1375.87,41,pSa-44617,"Morris, Walls and Harper",363,4.66,35x92x75 cm,2020-10-14,Out of Stock
910,coach,"Recently boy order better. Candidate charge cost film. Son charge answer then Mrs.
Nation also current six good political out very. Bad stay few policy.",86.24,402,Cqh-64026,"Reyes, Williams and Lee",178,8.56,64x01x13 cm,2024-02-14,Available
362,yet,"Skill how military clearly. Happy mind debate then history college miss walk.
Your can suddenly inside within. Success walk police listen director door.",63.33,282,ghz-68283,Shaw Group,256,6.49,87x70x04 cm,2020-11-15,Available
555,throughout,"Idea media partner happen. Deal yard ten concern campaign health. Almost half scientist specific give second.
Summer lot expert talk. Family fund relationship difficult letter finally important.",1252.63,219,ETT-21293,Pope-Hubbard,412,17.11,74x24x38 cm,2024-01-28,Out of Stock
523,work,Treatment hair choice ball. Office foot special son. Fast seem visit. Try focus social decide fire civil effect person.,1233.97,192,tmw-37405,"Sparks, Knapp and Taylor",315,19.97,10x62x91 cm,2023-03-08,Available
641,behavior,"Program might maintain large nearly lead.
Resource quite five news budget inside. Hair little tree can stock. Pm attack agent hear enjoy field. Western usually moment plant those.",787.15,436,hfx-76163,Knight-Jones,472,15.12,92x59x39 cm,2022-04-30,Out of Stock
10,various,"Want bill firm size production. Risk meeting large discussion part safe us. Them often share its.
Off identify executive news south. Bed outside fish where increase own. Put different happy herself.",610.51,445,Sua-28426,"Villarreal, Freeman and Pearson",111,19.93,58x43x29 cm,2020-02-13,Out of Stock
165,rather,Church receive often dog hot it realize sometimes. Entire commercial control either score wish assume. Which list produce figure morning life oil nothing. Sure relationship daughter.,468.48,196,oYw-32072,Brown-Bailey,204,14.2,77x06x97 cm,2021-10-05,Available
872,always,Result marriage involve both successful decision. Actually many consider something religious. Price always foot free.,1691.49,220,MZm-80401,"Garza, Anderson and Woodard",42,10.54,25x96x39 cm,2022-03-23,Out of Stock
421,plan,"Identify class street blue various place.
Nearly down important example. Rest lawyer economic Congress half. Upon design exactly where whole. Amount model issue fire beautiful.",1346.45,394,zvS-35869,Lewis-Ward,174,8.49,10x70x98 cm,2024-05-30,Available
58,almost,Case nothing message sign everybody well. Technology operation yourself hard condition artist.,1569.68,41,aot-50154,Snyder LLC,473,3.25,63x73x49 cm,2020-11-08,Available
800,represent,Food such matter room little easy. Available newspaper hotel key.,1666.63,316,DCX-53542,Cunningham-Harris,167,11.75,79x26x47 cm,2021-11-14,Out of Stock
593,owner,"Best too or music similar school. Seek film mention party four market girl. Away section dinner.
Can individual civil first. Which sometimes upon per television store.",1035.03,359,xRe-57369,Hill and Sons,133,10.52,32x97x72 cm,2022-08-13,Out of Stock
337,nature,"Leave save once. Call remain single arm visit themselves. Care half cup most.
Drive without bad budget animal reason under. Town not model.",754.04,386,KRY-48536,"Church, Shaw and Delacruz",173,6.88,78x27x88 cm,2022-01-06,Out of Stock
383,modern,"Family baby parent.
Shake I serve begin writer picture. These free begin decision to which race hard. Test consider note only when method.",1489.86,245,KKW-55904,Ward and Sons,106,13.59,88x53x50 cm,2021-01-02,Available
664,turn,"Couple say start mind everything every. Student get leave west trip. Your prepare less realize occur.
Window life live free smile thus garden. Character give cause those bag run.",128.09,219,SVX-19045,Fields-Bauer,313,16.62,69x08x93 cm,2020-05-07,Available
48,cover,Public all just one participant few attention. Center box town kid water. Another baby particularly the trade safe.,823.78,395,EYE-56396,"Foster, Moreno and Murphy",53,19.46,59x87x23 cm,2021-02-17,Available
445,success,"Read knowledge focus list. Attorney sea worry answer guy second. Feel education bit best. Eye three purpose wide.
Four property tell exist wait. Both human side material.",1312.84,386,rZm-13056,"Rocha, Ford and Chambers",191,12.91,19x15x81 cm,2023-05-11,Out of Stock
587,employee,"Rest perform must image. Moment travel per image.
Easy service safe smile full actually. Garden stock civil page line. Brother coach then best his blue. World though receive enjoy step bed.",225.3,175,oKJ-26882,"Mcdaniel, Merritt and Brown",96,11.89,87x71x99 cm,2022-03-26,Available
638,country,Happen believe bit. Quite attack protect just building fact. Foreign fall them lawyer quality couple describe. Let case position result.,988.82,309,PSU-20909,Gordon-Heath,368,9.38,56x05x58 cm,2022-04-17,Available
416,nice,"Both probably mean general kind edge factor. Sister everybody specific report among management.
Research subject program best word between. More yet lay risk. At as reason despite.",657.32,56,wop-96377,Schwartz PLC,436,2.39,28x06x35 cm,2021-01-28,Available
919,society,"Best opportunity though after strong seat. Nation customer believe best. Card its report include we media.
Positive whose situation week. Chance action figure.",1897.73,108,ezu-32072,"Vazquez, Smith and Burke",434,11.42,74x83x24 cm,2023-04-25,Available
831,side,"Someone major contain when cup card. Suggest radio smile couple star us as picture. Leave again bit arm.
Wonder discussion entire artist environment. Paper see forget personal.",601.21,303,GLV-29613,"Riley, Burton and Jones",359,0.91,92x78x29 cm,2023-06-27,Out of Stock
615,buy,Education audience budget relationship financial final over girl. List only clearly hit service attention.,1743.89,192,ztc-78442,Griffin and Sons,100,8.5,36x15x54 cm,2022-08-01,Available
545,attorney,"Keep agree thought. War onto physical.
Education respond upon mind free bit. Heavy whose drive.
Media hot guy money management break. Far whether operation resource prevent low.",96.41,196,BZy-71366,"Roberts, Ray and Singleton",322,15.88,63x93x57 cm,2022-05-23,Available
31,low,"Shoulder finish chance now. Authority option relate theory west see yes.
Successful laugh part event then she Democrat. Ground nature speak quality direction. Write century all bill example.",402.34,187,jDp-85049,Brown-Henry,371,19.74,08x04x42 cm,2023-12-24,Out of Stock
652,despite,Grow responsibility break. Service including instead right magazine probably.,756.78,249,sOs-90736,Clayton-Johnson,448,14.02,76x54x05 cm,2023-05-27,Out of Stock
391,night,"To cost start strong part. Hope face language because describe prepare.
Three member husband. Test choice TV learn world popular article. Production under room high care fact outside.",601.57,82,ugL-18130,Owen Group,432,17.75,44x01x45 cm,2022-01-17,Out of Stock
158,approach,"Behind product ability business whom. Ready soldier issue score operation tax artist what. Onto work top oil fund.
Kid experience civil partner sing. Wonder degree mission right enough.",1835.85,192,WPM-87823,Brown-Griffith,336,7.09,69x20x14 cm,2021-09-12,Available
725,enter,"Standard wall dark other writer property customer. Usually real near strong for community. Along own woman every me three true personal.
Each Mrs plan continue what. Account over onto.",1909.21,219,tYS-12136,Cunningham Inc,101,7.18,22x03x44 cm,2020-03-07,Out of Stock
917,your,"Major television government size which. Help detail couple.
Quality production control throw head thank network. Movie theory factor.
Budget teach part. Pm plan north live myself energy.",1689.41,108,MvI-86574,Cowan-Salazar,335,11.27,61x57x40 cm,2021-04-20,Out of Stock
578,body,"New writer whose. Top stage improve party study improve cup.
Prevent person role final. News PM recent century contain himself table. Build ball star admit science difficult cell.",1687.94,226,Qjp-44341,Green-Ortega,196,17.04,28x84x74 cm,2021-08-12,Available
189,focus,Box see scene with small you daughter. Effort leave case feeling. Natural painting tend they consumer two gas reality.,1178.3,114,cjO-78930,"Ramirez, Rivera and Hall",73,16.15,07x21x46 cm,2022-01-06,Out of Stock
787,century,Ever enter land. American where it return nature what white want. Science officer account travel notice pressure.,1566.81,494,qAY-81834,Bowman-Barrett,410,1.59,14x69x61 cm,2024-05-10,Out of Stock
326,away,Situation town together garden then area south. Truth difference treatment or soldier behavior.,1428.44,386,FHP-29402,Davis Ltd,99,13.05,89x51x25 cm,2024-05-29,Available
768,sign,Court news month miss. Produce throughout say approach both early. Left great future low south sister.,1134.49,436,lQc-63559,Robinson Inc,214,15.2,78x79x85 cm,2023-06-02,Available
565,treatment,"Both check various ground picture dream. Late house fast democratic understand suddenly.
Company few performance compare. Senior economy at. Letter case somebody memory any.",1046.02,220,pvV-55545,"Rodriguez, Cannon and Lopez",443,11.87,43x67x74 cm,2020-01-10,Out of Stock
480,whom,Hand ground customer section project contain. Child simply recognize along poor north audience. Sort politics tonight decision. Subject third trip rule.,714.35,245,GBW-20464,Gutierrez-Smith,233,8.05,07x63x07 cm,2024-01-25,Available
791,understand,"Art next from fill eat five three. Civil listen break board daughter sure theory.
When scientist mission. Statement point consumer door to true. Method ball prevent.",1799.6,282,VsX-13491,Love-Bowman,18,16.68,84x20x81 cm,2021-01-04,Available
40,growth,"Require relate focus experience. Exactly indeed help include resource per evening. Second you figure by eight others after.
Above among over culture. Big life unit authority foreign well behavior.",1205.51,288,ric-23907,Cole-Valencia,99,11.0,98x39x83 cm,2024-01-20,Out of Stock
589,often,"Prepare claim impact many fear top professional. Push size most population painting.
Wife happy word hand institution number. Eat chance type worry. Interesting citizen table might way order.",874.78,303,sVU-92289,Banks Ltd,204,13.77,06x44x00 cm,2023-05-25,Out of Stock
964,wide,"Sister member any moment. Enough attack side stage recent. Ok official improve it plant anything have.
Gas everything interview. Campaign television example benefit toward. Send character hair.",61.95,219,npy-01791,Mitchell and Sons,407,3.19,25x01x18 cm,2023-03-30,Available
154,agreement,"Middle car become what. Threat group mean someone him. Card crime near common avoid. Stage her unit on hear.
Thing can article save. Past fire sport feel college dark probably.",1538.9,34,gKR-44176,Moore-Noble,407,2.87,37x85x26 cm,2020-05-09,Available
573,in,"Away respond hot alone as economic. Continue news question alone part challenge produce also.
Agent hard bank reason feel set. Thank above notice affect. Common investment key.",1877.28,226,zMs-70904,Perkins Group,107,8.21,90x98x03 cm,2020-01-20,Available
564,woman,"Together stay son answer bar most. Chance none relate attack. Itself while strategy.
Level appear lead number. Street present ready animal artist compare.",592.41,288,gIt-23032,Clark-Miller,64,13.57,70x27x98 cm,2022-10-02,Out of Stock
879,single,"Show week despite teach.
Figure very second enough star avoid once before. High finally protect full. Theory animal color.",331.62,131,Ehl-50887,"Williams, Goodman and Taylor",267,5.78,93x37x24 cm,2020-04-05,Available
181,drug,"Impact contain moment both address need prepare. Draw response kitchen send forget fight surface. Exist unit within.
See magazine identify vote evening. Large coach road space.",1429.0,398,GpR-82015,"Johnson, Morris and Bradley",214,2.87,36x53x60 cm,2021-02-17,Available
870,people,"Light knowledge experience go statement. Between yard control important forget without scientist mind.
Instead bank if blood born. Eat reach eat news.",346.74,192,XPa-67081,"Bell, Johnson and Brown",95,3.35,82x14x37 cm,2022-10-19,Out of Stock
11,treat,"Official actually senior reality also. Usually home social.
Current will well sport Mrs. Much structure sort wish play. Industry look measure.",1417.31,254,IGz-26787,"Boyd, Benson and Anderson",419,7.75,11x03x41 cm,2024-04-10,Available
724,front,Far big too. With ten bit structure including hold. Player movement free line. Candidate rest hit box.,352.4,56,Rry-60968,"Reeves, Johnson and Nguyen",159,17.15,82x09x78 cm,2020-06-07,Out of Stock
618,training,"Community then open time small ready. Short program political start should ask.
Director detail fall modern relationship. Truth loss with idea every.",636.38,282,xuZ-95568,Blackwell Ltd,367,14.67,06x63x11 cm,2020-08-10,Out of Stock
444,factor,Spend explain late firm mouth state east. Development control way. Behavior language of check son hotel accept best.,626.57,226,IWV-27256,Bailey Group,41,0.69,12x55x74 cm,2020-09-08,Out of Stock
51,close,"Because statement listen kid standard respond.
Cultural community detail yard. Contain happen cut media night again student. Environmental sign compare above eight.",1411.05,309,EUy-88497,"Graves, Ramirez and Rodriguez",303,19.44,18x42x69 cm,2023-02-26,Out of Stock
752,key,"Tonight system ball away serious room.
Film star happen human future travel. Themselves deal pressure entire black answer. Night maybe wear ahead likely.",1143.66,102,dOa-07421,Cooper Ltd,65,17.34,14x46x67 cm,2021-12-14,Available
175,buy,Method speech main amount. Boy a power throughout year adult article. Son catch phone talk political painting. Boy laugh long knowledge.,1824.49,282,gbp-73780,Nelson Ltd,177,6.14,81x90x32 cm,2024-01-11,Out of Stock
169,you,Information campaign worker along way important. Middle whom number hundred economic run heart.,1298.53,89,VbM-37739,Barrett and Sons,260,13.29,10x76x50 cm,2024-06-18,Available
663,democratic,Dream dark thing better second. Pm authority season here scientist son stop. Everyone white TV other.,1164.08,249,SCL-04182,"Welch, Harrell and Little",308,8.79,02x53x07 cm,2022-11-25,Available
614,look,Plan customer four single laugh. Fall change bit pull start beat country. Low theory after far truth upon task.,1624.42,82,Uto-03372,Chapman and Sons,410,17.91,33x44x87 cm,2022-07-20,Out of Stock
137,sell,Strategy painting fire against hundred respond Mr wind. Major role war focus free. Pull senior to six difference rich.,91.43,327,OnR-23702,Campbell Group,443,14.91,69x27x36 cm,2024-01-21,Out of Stock
885,ball,"Rate personal official authority center. Network new risk argue. Effect yard eye measure action.
At fire study where anyone task lawyer. Thought himself recognize push.",751.6,282,eXW-11020,Moreno LLC,445,2.69,23x82x17 cm,2023-03-01,Available
451,open,Participant culture effect discuss. Specific kitchen with anything take those improve. Away while final happy once through ready.,1269.46,148,Gnk-80249,"Doyle, Soto and Anderson",81,13.73,48x43x38 cm,2024-07-02,Out of Stock
517,agent,Produce boy civil scene great. Expect loss light do image. Mrs sea behavior so heart about executive.,282.31,46,WTx-79690,"Horne, Fischer and Nelson",241,13.96,22x03x61 cm,2022-12-01,Out of Stock
101,be,Rock example pretty serious respond security media. Page require a head least save. Cut fast current live crime.,1549.52,108,zBl-61781,"Moran, Day and Braun",49,17.21,97x25x32 cm,2022-09-26,Out of Stock
64,somebody,Rise really main do especially trouble yet future. Foot friend see just capital recent close. Attention development everyone left page. Than ever herself staff attorney.,524.01,282,azD-93750,Ware-Jensen,187,19.54,92x19x20 cm,2020-01-06,Out of Stock
283,his,"Skill generation plan magazine.
Common role bad simple might training. Such hot job car beyond save group represent. Arm approach nearly base and skill.
Test population current worker ready.",310.08,114,NBL-64831,Garrett-Romero,222,9.59,20x82x64 cm,2023-02-25,Available
72,third,Western we thank at produce discuss positive. Want still take letter feeling leg local. What wind beyond not participant management.,1582.13,102,PTR-15958,Quinn LLC,135,6.64,87x91x96 cm,2020-02-20,Available
436,show,Should defense determine cold test energy conference air. School increase operation budget. Much half television although word job story. Person just build morning.,1876.83,70,ZoM-42920,Medina Group,66,19.76,23x26x81 cm,2024-05-11,Out of Stock
